Goal,Target,Indicator,SeriesCode,SeriesDescription,GeoAreaCode,GeoAreaName,2030 Logistic,2030 Linear,Logistic evaluation R2,Logistic evaluation PBIAS,Logistic evaluation NRMSE,Linear evaluation R2,Linear evaluation PBIAS,Linear evaluation NRMSE,5-Fold validation mean R2,5-Fold validation mean PBIAS,5-Fold validation mean NRMSE
13,13.1,13.1.1,VC_DSR_AFFCT,Number of people affected by disaster (number),4,Afghanistan,381543.6223656764,2225417.995043397,1.0,-1.3032952551700196e-08,2.2582035613653485e-10,0.7578693042551569,2.8984368650306066e-11,0.4920677755602811,,,
13,13.1,13.1.1,VC_DSR_AFFCT,Number of people affected by disaster (number),8,Albania,1137.9382126782311,-3957.7408776470693,0.045380369490767736,3.366732446061952,0.9770463809406554,0.056256136263621914,-2.8661079138697146e-13,0.9714648031382187,-4.135744884260475,98.89545478027978,1.7991925990237316
13,13.1,13.1.1,VC_DSR_AFFCT,Number of people affected by disaster (number),12,Algeria,348948.57699999964,255420.07316176593,0.40814860556753874,-22.940344125376566,0.7693187859609703,0.09276630219645754,-7.961501699600075e-13,0.9524881615030931,-23232.72160105177,4062.564555443706,69.66033488220272
13,13.1,13.1.1,VC_DSR_AFFCT,Number of people affected by disaster (number),24,Angola,35898.84644940421,34680.01653103065,0.002100820881274945,0.11202334075316721,0.9989490372980622,0.002373290825106178,-2.3416853853043764e-13,0.9988126496870642,-8.58258728461564,72.70757230574958,2.6811804913976367
13,13.1,13.1.1,VC_DSR_AFFCT,Number of people affected by disaster (number),28,Antigua and Barbuda,12.001966056131005,-1434.9592592592817,0.3188594701375169,-31.350779164439523,0.8253123831995272,0.05823132932670827,-1.2743170090337522e-12,0.9704476650872482,-12.751831762243445,54.1515121139183,2.804683569645895
13,13.1,13.1.1,VC_DSR_AFFCT,Number of people affected by disaster (number),32,Argentina,307785.9007214778,257815.21282033063,0.016372632265727383,-0.0003631436601398258,0.9917798988355594,0.014513884167383972,8.020077092307911e-13,0.9927165334739901,-1.9141625732330056,22.935422877172517,1.6087361515854668
13,13.1,13.1.1,VC_DSR_AFFCT,Number of people affected by disaster (number),36,Australia,38784.82630605824,23125.045672995504,0.22115741464039773,-1.823915676038242,0.8825205863658945,0.16867894453527765,5.783864301020966e-13,0.9117680930284424,-8.172191622929876,16.512326976855366,2.5242213046992683
13,13.1,13.1.1,VC_DSR_AFFCT,Number of people affected by disaster (number),40,Austria,10341.556235213378,11039.433823529398,0.983185929133373,-3.738517014726164,0.12966908215386988,0.4526372520046451,0.0,0.7398396772242989,0.11439981245421857,-10.846571468748653,0.8067587043523876
13,13.1,13.1.1,VC_DSR_AFFCT,Number of people affected by disaster (number),50,Bangladesh,25457.31341566025,23737.5,0.4134951635778997,-7.8478888386141765,0.7658360375577138,0.009258436383987267,0.0,0.9953600170872913,,,
13,13.1,13.1.1,VC_DSR_AFFCT,Number of people affected by disaster (number),51,Armenia,364934.2149991127,89601.59000624996,0.9807627191169018,-22.074679293457063,0.13869852516554806,0.22896559749601653,-1.6862182979047154e-12,0.878085646451406,-8.808934966845605,-5.133254604935573,2.5520980447474195
13,13.1,13.1.1,VC_DSR_AFFCT,Number of people affected by disaster (number),52,Barbados,219.67690683704708,265.48087912087885,0.11382128463380259,0.004590222118070816,0.9413706577996774,0.035727678451192624,-1.4358318527101972e-13,0.981973686790439,-11.184421640338712,12.29983302037337,2.9250295199692578
13,13.1,13.1.1,VC_DSR_AFFCT,Number of people affected by disaster (number),64,Bhutan,810.7243592701267,-2600.8560209423886,0.7628736016685227,2.431945355520656,0.48695625915627927,0.8088347033607142,7.737979471812922e-13,0.43722453801140415,-16.863670203841924,8.305281395969706,2.3985754452500467
13,13.1,13.1.1,VC_DSR_AFFCT,Number of people affected by disaster (number),68,Bolivia (Plurinational State of),34586.70124598961,36858.28955090931,0.001969018892403418,0.8474271977808473,0.9990150054466632,0.001513711979246657,1.7684508959765735e-13,0.9992428573779015,-5.468537109679137,78.41675910134862,2.06394342537021
13,13.1,13.1.1,VC_DSR_AFFCT,Number of people affected by disaster (number),72,Botswana,6294.500002663063,27039.538461538497,0.9973116813109437,1.8837961862214432e-05,0.05184899892048345,0.9157837897154666,0.0,0.2902002933915357,,,
13,13.1,13.1.1,VC_DSR_AFFCT,Number of people affected by disaster (number),76,Brazil,626066.2489927092,632495.0109890103,0.006775283600647164,0.2712562854923694,0.9966066006200004,0.005347712020654427,-2.6913379902942483e-13,0.9973225596462488,-1.2097874907616335,5.365103401527211,1.4705547653698794
13,13.1,13.1.1,VC_DSR_AFFCT,Number of people affected by disaster (number),84,Belize,15.96728847657837,-148523.3625999987,0.3060496398918654,-3.308396538468013,0.8330368299830053,0.049006304889887664,1.884962682769011e-12,0.975189056086107,,,
13,13.1,13.1.1,VC_DSR_AFFCT,Number of people affected by disaster (number),90,Solomon Islands,1214.0019999999997,-45199.65714285709,0.9547268953387417,-3.672204223523475,0.2127747744946715,0.4347376299882416,-3.2726213177857845e-12,0.7518393245978547,-69.73335233169186,285.30924490555947,8.410312261247608
13,13.1,13.1.1,VC_DSR_AFFCT,Number of people affected by disaster (number),100,Bulgaria,2402.0389286417667,2402.6229784558273,0.0002038257871557203,6.379584709841014e-05,0.9998980819127737,0.00020376294009138984,8.862670895171091e-14,0.9998981133395084,-1.3040033647990819,11.485935026138149,1.4414083976678225
13,13.1,13.1.1,VC_DSR_AFFCT,Number of people affected by disaster (number),104,Myanmar,132590.78327011794,-2551299.9794065356,0.04610606938421247,6.395650369296882,0.9766749360026536,0.05387791120670893,-3.1321336962175935e-12,0.9726880737385911,-6024.332616392922,1841.2461994291139,49.746184503120915
13,13.1,13.1.1,VC_DSR_AFFCT,Number of people affected by disaster (number),108,Burundi,106240.15006951205,324468.30000000447,0.9523960412166925,2.87489648907711e-10,0.21818331463085672,0.6553248092749699,5.9173154135435035e-12,0.5870904450977124,,,
13,13.1,13.1.1,VC_DSR_AFFCT,Number of people affected by disaster (number),116,Cambodia,39709.95155269712,53341.8200000003,0.15101735556865825,1.1903279482417677,0.9214025420148035,0.14083025986827835,1.0786975705562327e-12,0.9269140953355502,-5.125593844722861,35.02949365155662,2.1821356725260106
13,13.1,13.1.1,VC_DSR_AFFCT,Number of people affected by disaster (number),120,Cameroon,86887.38802984515,44386.334247341845,0.10937621586722401,-3.1893804911317853,0.9437286602264318,0.09444508669911278,5.579237537367628e-13,0.9516064907832897,-900.0330582244075,73.80947047386599,14.424031923774072
13,13.1,13.1.1,VC_DSR_AFFCT,Number of people affected by disaster (number),132,Cabo Verde,,642.6938775510207,0.10937621586722401,,,0.02174631451396636,7.666973249929847e-13,0.9890670783551707,,,
13,13.1,13.1.1,VC_DSR_AFFCT,Number of people affected by disaster (number),144,Sri Lanka,325463.5865987567,180162.09558822215,0.06390196665797443,3.527508412812615,0.9675215932174461,0.05944348366308316,-7.937991413705735e-13,0.9698229304037498,-8.819917122557381,64.59865218200854,2.6293036041817617
13,13.1,13.1.1,VC_DSR_AFFCT,Number of people affected by disaster (number),152,Chile,18839.36919764264,-5763.785714285448,0.001115714475740548,3.482350973683443,0.9994419870729162,0.006806529373398762,-1.0190217082842803e-12,0.9965909244151289,-48.48496095027066,287.6225852534982,5.968621692919872
13,13.1,13.1.1,VC_DSR_AFFCT,Number of people affected by disaster (number),156,China,6410521.167529352,-5468968.799999952,0.7481681292115723,3.994157537369642e-08,0.501828527276427,0.43101802438907477,0.0,0.7543089391031536,,,
13,13.1,13.1.1,VC_DSR_AFFCT,Number of people affected by disaster (number),170,Colombia,230709.8863388825,43561.602941177785,0.03239760073754083,2.4721463381360946,0.9836678297385044,0.03778713129918165,-8.745694662083687e-14,0.9809244969419505,-74.0932431257458,103.94553742950521,6.561226414447029
13,13.1,13.1.1,VC_DSR_AFFCT,Number of people affected by disaster (number),174,Comoros,133938.128990708,44202.766450960655,0.2540810383406077,-56.63107267877533,0.8636660012177116,0.08078604154147806,-4.019689609071738e-13,0.9587564646241099,-55.58299511760232,271.8920077468699,5.996209018384905
13,13.1,13.1.1,VC_DSR_AFFCT,Number of people affected by disaster (number),184,Cook Islands,4447.985740233777,15491.0,1.0,1.5277842072947968e-07,6.758253983017604e-09,1.0,0.0,0.0,,,
13,13.1,13.1.1,VC_DSR_AFFCT,Number of people affected by disaster (number),188,Costa Rica,12825.84334201511,-29150.31512823701,0.020007261820650823,-0.9282257974012951,0.9899458258810676,0.01622315063933255,-9.898159111070714e-13,0.9918552562549978,-7344.026739487973,3596.8549144300387,41.708546305840144
13,13.1,13.1.1,VC_DSR_AFFCT,Number of people affected by disaster (number),191,Croatia,7530.0,,,,,,,,,,
13,13.1,13.1.1,VC_DSR_AFFCT,Number of people affected by disaster (number),192,Cuba,154648.05066390225,-1375.5866666734219,0.05294586411123603,3.4044298502251062,0.9731670647369668,0.05247447014447182,-7.162422033665402e-13,0.9734092304141809,-20.705641365909504,181.65904701220572,4.0517071340774455
13,13.1,13.1.1,VC_DSR_AFFCT,Number of people affected by disaster (number),196,Cyprus,612.2926959805205,769.0589010989061,0.04301511960500071,1.1341624839393851,0.9782560403059106,0.0454301484381866,6.963119378299826e-13,0.9770209064097929,-50.12429716689377,198.4663250475113,4.4073193583923995
13,13.1,13.1.1,VC_DSR_AFFCT,Number of people affected by disaster (number),203,Czechia,58762.96997108146,780764.0,0.9999999805901568,0.009276276619252323,0.00013931921313175787,1.0,0.0,0.0,,,
13,13.1,13.1.1,VC_DSR_AFFCT,Number of people affected by disaster (number),204,Benin,99994.16930353023,-243686.9545454532,0.8757991873436726,-1.5039461149269464e-07,0.3524213566972459,0.10000890099785131,0.0,0.9486786068011382,-84.67275421013252,105.55295097952038,6.055040559370355
13,13.1,13.1.1,VC_DSR_AFFCT,Number of people affected by disaster (number),212,Dominica,18.002000000000002,-2061.0409836065955,0.12798742192273227,-55.01827593882142,0.9338161371904362,0.05147181998446315,-3.1638037239627895e-12,0.9739241140949004,-4.928757653171988,103.37077796539435,2.2755146780446167
13,13.1,13.1.1,VC_DSR_AFFCT,Number of people affected by disaster (number),218,Ecuador,39393.88212664557,40236.38828592468,0.034448052634493465,2.2304603845823365,0.9826250288719021,0.035461138162157346,5.487046217728174e-14,0.9821093940278968,-19.290984150999634,95.67360366977448,2.952032853204934
13,13.1,13.1.1,VC_DSR_AFFCT,Number of people affected by disaster (number),222,El Salvador,783.1745838176448,-29109.314332727343,0.5222093828265257,3.5898442256305954,0.6912239992748185,0.17554406742406603,-1.8352529781347964e-12,0.9079955575749994,-1255.5581981564028,202.98833022159096,16.684472153010567
13,13.1,13.1.1,VC_DSR_AFFCT,Number of people affected by disaster (number),226,Equatorial Guinea,856.9966577202323,2292.5,0.5689280393925696,-1.1303296869126185,0.6565607059575149,0.3121460660714067,0.0,0.8293696003161638,-0.7858436360089323,-70.22741579374863,1.3363546071342487
13,13.1,13.1.1,VC_DSR_AFFCT,Number of people affected by disaster (number),231,Ethiopia,16606320.439851282,10531089.82499516,0.2797874360169298,-3.4368064073206126,0.848653382708789,0.15178868328859507,-5.003960798367619e-13,0.9209838851529405,-11.604352113383582,22.01273113075849,2.708221024402801
13,13.1,13.1.1,VC_DSR_AFFCT,Number of people affected by disaster (number),233,Estonia,599.0062634446597,-4452.0,0.9999999999999987,6.142061065371597e-07,3.7010081535396114e-08,1.0,0.0,0.0,,,
13,13.1,13.1.1,VC_DSR_AFFCT,Number of people affected by disaster (number),242,Fiji,386510.2187228163,481785.3036952764,0.29414555862842084,16.62362916641405,0.840151439546216,0.3156479401510288,7.700289292719708e-12,0.8272557402937566,-29.08368287542263,286.28679459296063,4.459059545404484
13,13.1,13.1.1,VC_DSR_AFFCT,Number of people affected by disaster (number),246,Finland,70.64804394514148,-77.35476190476766,0.6323584605824033,-0.2360132963390815,0.6063345111550196,0.6073413028974284,-1.0675267931101233e-12,0.626624845583521,-1.3038635091014334,2.3817318487385615,1.4253952929230256
13,13.1,13.1.1,VC_DSR_AFFCT,Number of people affected by disaster (number),250,France,10068.748667093601,35201.5,0.8198451340564357,0.0019892877640030524,0.42444654073695115,0.327227995414607,0.0,0.8202268006992901,,,
13,13.1,13.1.1,VC_DSR_AFFCT,Number of people affected by disaster (number),262,Djibouti,79.07822322320148,96.15535714285693,0.047922902348624175,0.00028037796531825654,0.9757443813065879,0.0018631715066473875,-2.734914722196018e-13,0.9990679799159579,-121242.17777543036,441.5530700755856,203.58097214545526
13,13.1,13.1.1,VC_DSR_AFFCT,Number of people affected by disaster (number),268,Georgia,43.73296734412471,36.28422333333401,0.3697898368005661,0.001445964826382643,0.7938577726516468,0.016847864186514072,1.013320976722709e-12,0.9915402845136881,,,
13,13.1,13.1.1,VC_DSR_AFFCT,Number of people affected by disaster (number),270,Gambia,51430.474371709206,72234.85021964734,-0.002500416953145068,1.528569452599581,1.001249427941482,1.5927786952585343e-05,1.9566451053708904e-14,0.9999920360748116,-8.739033744682715,124.92937822136291,2.685590626093638
13,13.1,13.1.1,VC_DSR_AFFCT,Number of people affected by disaster (number),275,State of Palestine,1644.3576392944424,3403.665239455062,0.5026897715079572,-0.6555480776222227,0.705202260696917,0.4236811163911536,4.80381914223053e-12,0.7591566923954806,-0.5759826667572623,-8.238918305131758,1.1074473144306092
13,13.1,13.1.1,VC_DSR_AFFCT,Number of people affected by disaster (number),288,Ghana,29022578.293834895,26016498.050047874,0.9999888590374262,-0.31918829872836324,0.003337808049275712,0.3915803423721853,-3.654051679711157e-12,0.7800126009416866,-1240.4872846286958,1196.6267655591405,18.652506491503704
13,13.1,13.1.1,VC_DSR_AFFCT,Number of people affected by disaster (number),296,Kiribati,14.909511416854476,-253.33333333333576,0.9999999999982212,5.7764742507850436e-05,1.333704402505437e-06,1.0,0.0,0.0,,,
13,13.1,13.1.1,VC_DSR_AFFCT,Number of people affected by disaster (number),308,Grenada,2.0019999999999993,-107337.28571428545,0.9999908653764844,-0.2425531856000758,0.003022353969275532,0.89151391456685,0.0,0.3293722596594164,,,
13,13.1,13.1.1,VC_DSR_AFFCT,Number of people affected by disaster (number),320,Guatemala,1645397.6971890987,483316.6247778833,0.9737773539368643,-25.92947367685026,0.16193407937533016,0.22936065520415339,-4.80098307202234e-12,0.877860663656737,-183.0021308079271,19.03951785904654,7.311848323491813
13,13.1,13.1.1,VC_DSR_AFFCT,Number of people affected by disaster (number),328,Guyana,34241.360905000016,-783561.9762136787,0.9732933889552445,35.283316406841294,0.16342157460003692,0.3563055186927502,-3.665568831159374e-12,0.8023057280782993,-376578.604421073,2671.222916803107,314.78482060580836
13,13.1,13.1.1,VC_DSR_AFFCT,Number of people affected by disaster (number),340,Honduras,176.00014293751534,-24601.741410488263,0.4724885407739098,-14.571028387631962,0.7262998411304314,0.12827317857890208,-1.5449467198869e-12,0.9336631198784161,-1.169952489043148,21.553884437359592,1.235831416996181
13,13.1,13.1.1,VC_DSR_AFFCT,Number of people affected by disaster (number),356,India,7154460.381199979,-248785731.59999847,0.700705266634267,-9.631310298079478,0.5470783612662202,0.7639127351473696,1.0391601479231517e-12,0.48588811968665213,,,
13,13.1,13.1.1,VC_DSR_AFFCT,Number of people affected by disaster (number),360,Indonesia,5707425.227135994,3807177.860833347,0.34553163741932025,-29.989641448970595,0.8089921894435568,0.046836485677922646,7.565319679332122e-13,0.9763009343035974,-1011.0722756110765,406.5022755506153,17.25321470027072
13,13.1,13.1.1,VC_DSR_AFFCT,Number of people affected by disaster (number),364,Iran (Islamic Republic of),484561.8802391032,585085.2100135684,0.5744460374004097,-35.64567572390177,0.652344972081176,0.0560132194522619,-4.2836090158588544e-13,0.9715898211425117,-4.376764871582818,-94.74952801119362,2.318785214629164
13,13.1,13.1.1,VC_DSR_AFFCT,Number of people affected by disaster (number),368,Iraq,6520.500032043988,59745.193473193474,0.5348431103411104,0.0017887510052118814,0.682024112226899,0.00013245398967209887,7.969951065665041e-15,0.9999337708120114,-3.95272365810819,17.952282279183166,2.11793875808532
13,13.1,13.1.1,VC_DSR_AFFCT,Number of people affected by disaster (number),372,Ireland,2099.0,,,,,,,,,,
13,13.1,13.1.1,VC_DSR_AFFCT,Number of people affected by disaster (number),384,CÃ´te d'Ivoire,8553.176701079417,16347.333058823366,0.8972564114488301,-16.01412472644804,0.3205364075283336,0.4643395202500866,-3.644413751859365e-12,0.7318882973172295,-2.4061479481810406,-6.239335146843615,1.7077950287986923
13,13.1,13.1.1,VC_DSR_AFFCT,Number of people affected by disaster (number),388,Jamaica,50.97968628686645,-66027.2640708331,0.06595764448434005,2.3786554130824302,0.9664586672567328,0.06019207136654092,-1.8606180832763518e-13,0.9694369131787066,-94674.59449282776,8488.592718226357,178.84912288539226
13,13.1,13.1.1,VC_DSR_AFFCT,Number of people affected by disaster (number),392,Japan,892121.9997560701,1503735.900000006,0.8304909882820158,-0.5524278032288309,0.4117147212791694,0.47456103271481265,-3.756573161464005e-12,0.7248716902219229,,,
13,13.1,13.1.1,VC_DSR_AFFCT,Number of people affected by disaster (number),398,Kazakhstan,376057.10880513204,116118.45897735842,0.9744622798001947,-19.04237331027802,0.15980525710941196,0.20402910510211192,7.461651905514249e-13,0.8921720097032232,-65.25327359614488,283.0966448399966,5.228586529206027
13,13.1,13.1.1,VC_DSR_AFFCT,Number of people affected by disaster (number),400,Jordan,1237.6471780331974,1348.3111764705827,0.16364380752066243,4.653359582374137,0.9145251185611785,0.16042713034747402,-1.5911157402073116e-13,0.9162820906535966,-19.745988175567504,16.538640910078833,2.9283289872611538
13,13.1,13.1.1,VC_DSR_AFFCT,Number of people affected by disaster (number),404,Kenya,2752.7604397086207,-3735.2771236742847,0.04151113884357427,2.5407803546396153,0.9790244435949623,0.05237974743054874,-7.404305341562933e-13,0.9734578843326769,-121.23499468356064,303.4442739232744,7.555269188259565
13,13.1,13.1.1,VC_DSR_AFFCT,Number of people affected by disaster (number),410,Republic of Korea,13306.390118774958,-92983.67064945027,0.0370358554089214,5.0698690275406175,0.9813073649938019,0.051279299330788564,1.1920274611921926e-12,0.9740229466851442,-390.11822421276145,352.9536016402724,13.201486005742655
13,13.1,13.1.1,VC_DSR_AFFCT,Number of people affected by disaster (number),412,Kosovo,12997.384178009428,14351.423936363542,0.03725263000668377,2.474112437778703,0.9811969068404752,0.04284422829580148,-1.010121575573289e-12,0.9783433812850163,-62.89197042651705,385.81946078192357,6.224734888707594
13,13.1,13.1.1,VC_DSR_AFFCT,Number of people affected by disaster (number),414,Kuwait,1.0,,,,,,,,,,
13,13.1,13.1.1,VC_DSR_AFFCT,Number of people affected by disaster (number),417,Kyrgyzstan,163541.75927524842,42891.93908256851,0.8270210182934428,-28.41373812996335,0.41590741963393396,0.09044788679872606,-4.351193555429346e-13,0.9537044160541955,-10.040943850053086,-25.52930642442151,2.911846654700358
13,13.1,13.1.1,VC_DSR_AFFCT,Number of people affected by disaster (number),418,Lao People's Democratic Republic,197303.94717148255,551649.8107186928,0.18893341628818827,3.9117966981827803,0.9005923515730143,0.1672783618175534,1.0370211168352712e-12,0.9125358284376819,-65.77140966688991,246.18658760296117,5.210493849776047
13,13.1,13.1.1,VC_DSR_AFFCT,Number of people affected by disaster (number),422,Lebanon,1337.341728615802,413.49205357143,0.24764627205413037,-45.75517412391388,0.8673832647370306,0.12903489178628358,9.900890252633501e-13,0.9332551142178203,-4041.224642452272,67.46009928094527,31.943340014216467
13,13.1,13.1.1,VC_DSR_AFFCT,Number of people affected by disaster (number),430,Liberia,81417.0,,,,,,,,,,
13,13.1,13.1.1,VC_DSR_AFFCT,Number of people affected by disaster (number),450,Madagascar,318359.2875851708,327598.15974938497,0.015298321494090161,0.014811677215488846,0.9923213584851983,0.015686481195695934,5.0074603811472366e-14,0.9921257575551116,-2.946392031230835,55.86335860489646,1.9206085970996347
13,13.1,13.1.1,VC_DSR_AFFCT,Number of people affected by disaster (number),454,Malawi,3301405.6954971203,431551.6841391325,-0.13825035845083744,23.62870539070297,1.0668881658594012,0.042185410808526114,1.20842113712479e-12,0.9786800239053999,-126.62608953269348,240.50318312696612,6.751792101454869
13,13.1,13.1.1,VC_DSR_AFFCT,Number of people affected by disaster (number),458,Malaysia,274640.125557905,327907.49450000003,0.18255937989624416,4.612607274313379,0.9041242282472889,0.19425525030839808,1.7398218926033537e-13,0.8976328590752468,-45.88279277275656,122.04596954553327,4.253884153782681
13,13.1,13.1.1,VC_DSR_AFFCT,Number of people affected by disaster (number),462,Maldives,,-3450.215500794002,0.18255937989624416,,,0.24702898805347717,1.5818603010365214e-12,0.8677390229478693,,,
13,13.1,13.1.1,VC_DSR_AFFCT,Number of people affected by disaster (number),466,Mali,520279.56199926103,336066.70136898383,0.8288139847772428,-31.520432233268416,0.4137463174733489,0.4153745691601768,4.2122233542008035e-12,0.7646080243103803,-16.77737220008189,-60.151605677917374,3.0136657321918032
13,13.1,13.1.1,VC_DSR_AFFCT,Number of people affected by disaster (number),480,Mauritius,793.5035597650087,760.7016934545463,0.0023065086301503612,-0.009917196514815586,0.9988460799191483,0.0022238312474741617,-2.333270450802896e-13,0.9988874655097668,-5.656601601120848,68.29178525518593,2.3942885409163126
13,13.1,13.1.1,VC_DSR_AFFCT,Number of people affected by disaster (number),484,Mexico,418306.90457202645,418191.38566176465,4.5233970391689304e-05,2.557643531427405e-05,0.9999773827590344,4.4829264341905706e-05,1.7757453573299699e-15,0.9999775851166154,-12.00158206918226,104.53584304498862,3.102829793762741
13,13.1,13.1.1,VC_DSR_AFFCT,Number of people affected by disaster (number),496,Mongolia,38826.48055710097,38994.45514705917,0.07755727026448211,3.1876549697427805,0.960438821443364,0.09076843292394032,2.505236140274029e-12,0.9535363480623378,-244.24231867749023,60.0165363134922,9.668383855071875
13,13.1,13.1.1,VC_DSR_AFFCT,Number of people affected by disaster (number),499,Montenegro,8017.872003343186,5627.430684087914,0.05383502455604805,-0.33181425455925045,0.9727101189172198,0.05218629531025454,4.1819954703200025e-13,0.9735572426363769,-11.724202004209552,79.28717029287883,2.5783078731351665
13,13.1,13.1.1,VC_DSR_AFFCT,Number of people affected by disaster (number),504,Morocco,868.9355109171753,-6154.452857143013,0.026884400943205655,4.978361039263674,0.9864662178994242,0.03833401213971843,-1.4163744080884463e-12,0.9806456994553545,-188.68072227184854,940.5358247310594,10.510758536374677
13,13.1,13.1.1,VC_DSR_AFFCT,Number of people affected by disaster (number),508,Mozambique,988573.2579913323,1133235.5974331647,0.21073040950604605,1.5661476355686432,0.8884084592651929,0.19499522141900516,-5.259891456857144e-13,0.8972205852414415,-275.9426894806892,124.49817300073805,8.298616598646968
13,13.1,13.1.1,VC_DSR_AFFCT,Number of people affected by disaster (number),516,Namibia,567924.9853471164,510603.9841269851,0.015895674326716902,-0.18079274156873262,0.9920203252319396,0.013850729662889472,5.976259012959232e-13,0.9930504873052078,-11114.182343248489,3351.707865672866,53.887914033581836
13,13.1,13.1.1,VC_DSR_AFFCT,Number of people affected by disaster (number),524,Nepal,3499181.69816687,3231384.8851195276,0.037425803215472175,7.222488075365906,0.9811086569715549,0.05166731819347681,1.6520013834444807e-12,0.9738237426796101,-512.224653227284,854.066548955856,16.19113665379326
13,13.1,13.1.1,VC_DSR_AFFCT,Number of people affected by disaster (number),548,Vanuatu,404791.8586383485,188792.07142857462,0.9899714565511987,-9.066573231223087,0.10014261554803398,0.3292165022534801,5.488052885182549e-12,0.8190137347728181,-30975690.188472133,38178.21834165003,2490.6465397219063
13,13.1,13.1.1,VC_DSR_AFFCT,Number of people affected by disaster (number),554,New Zealand,4005.614060202444,-112151.14748800173,0.40896184639185484,5.861068874095351,0.7687900582136485,0.19307057348210865,-6.570874586711979e-12,0.8982925061013765,,,
13,13.1,13.1.1,VC_DSR_AFFCT,Number of people affected by disaster (number),558,Nicaragua,461.420809618034,-7925.547513721976,0.03797504455882772,1.8299922662380612,0.9808287085119257,0.03220400658933764,1.0656148426040987e-12,0.9837662290456317,-123.22607669327891,401.8838809342923,8.514076693440627
13,13.1,13.1.1,VC_DSR_AFFCT,Number of people affected by disaster (number),562,Niger,4187365.9723842572,7085119.857142925,0.354571990761705,-5.751170307076705,0.803385342932204,0.3022539034521905,4.094901966588284e-12,0.8353119755802675,-0.14038444636919772,-57.972173014625106,0.9604895578589703
13,13.1,13.1.1,VC_DSR_AFFCT,Number of people affected by disaster (number),578,Norway,20998.0,,,,,,,,,,
13,13.1,13.1.1,VC_DSR_AFFCT,Number of people affected by disaster (number),583,Micronesia (Federated States of),31916.77985697543,352326.0,1.0,2.3852849190966043e-07,2.708587191508662e-09,1.0,0.0,0.0,,,
13,13.1,13.1.1,VC_DSR_AFFCT,Number of people affected by disaster (number),584,Marshall Islands,180892.03272987608,79989.54999999888,0.8468742661024125,-0.6312982049761394,0.3913128338012792,0.6034122684762615,-3.654567115640048e-12,0.629752119110161,-0.6688673940157903,-89.04496004252815,1.29184650559414
13,13.1,13.1.1,VC_DSR_AFFCT,Number of people affected by disaster (number),585,Palau,1324.62493,,,,,,,,,,
13,13.1,13.1.1,VC_DSR_AFFCT,Number of people affected by disaster (number),586,Pakistan,591751.9203034501,-922615.825509131,0.03761152973721049,2.938136488752218,0.9810140010533944,0.0459569084816801,-1.475598154788225e-12,0.976751294607957,-48.51217068198423,331.11123195578256,5.783190848031261
13,13.1,13.1.1,VC_DSR_AFFCT,Number of people affected by disaster (number),591,Panama,4089.004703338928,-15734.430628823582,0.11224309497559737,15.372773303940788,0.9422085252344103,0.1130525736590321,4.098709273611658e-13,0.9417788627597073,-7.719781393987813,69.87219694133071,2.34472696555627
13,13.1,13.1.1,VC_DSR_AFFCT,Number of people affected by disaster (number),598,Papua New Guinea,1.0000000000000002,-12728.285714285448,0.2632912478558521,17.161055320159644,0.858317395923063,0.07824522823088043,9.580719432716221e-13,0.9600806069123153,-276255.4845529104,5598.504849965906,337.20185122679544
13,13.1,13.1.1,VC_DSR_AFFCT,Number of people affected by disaster (number),600,Paraguay,118221.33732837062,181216.90000000037,-0.005961920062604875,3.1400407738400937,1.00297653016539,0.00684966719649327,1.5309185693397607e-13,0.9965692814869956,-9.742566101002637,161.08446031733828,3.11592779132841
13,13.1,13.1.1,VC_DSR_AFFCT,Number of people affected by disaster (number),604,Peru,1269227.3543011807,1269351.1448809523,0.00014141110902643472,0.00021973035268640383,0.9999292919456723,0.00013980446962125193,-2.7578815285020383e-14,0.9999300953218574,-8.292439770074683,35.64541451440462,2.639933818942958
13,13.1,13.1.1,VC_DSR_AFFCT,Number of people affected by disaster (number),608,Philippines,16818195.895066693,7802429.036764741,-0.919927487721893,223.4393483291555,1.3856144801934964,0.0026211879252900916,3.573854086906269e-13,0.9986885460816649,-203.82280383823758,643.9475825999579,11.405138038738427
13,13.1,13.1.1,VC_DSR_AFFCT,Number of people affected by disaster (number),624,Guinea-Bissau,4.5736212717639555,-40203.0,0.9999999999999749,-1.1377328824831113e-05,1.5824033190887993e-07,1.0,0.0,0.0,,,
13,13.1,13.1.1,VC_DSR_AFFCT,Number of people affected by disaster (number),626,Timor-Leste,18250.619960000015,-155716.6524794288,0.9619643487416634,32.73628265092029,0.1950273090065507,0.3006075828640714,9.406848093905682e-13,0.8362968474984996,-260.658567719949,90.10232684145569,8.550396537160141
13,13.1,13.1.1,VC_DSR_AFFCT,Number of people affected by disaster (number),642,Romania,14462.831046988731,-16496.514285714366,0.6579246502054424,-1.2410134412189616e-08,0.5848720798555506,0.13873901113872866,-6.785815014812715e-13,0.9280414801404469,-3.323344534750313,12.710203457493543,1.8136887769924364
13,13.1,13.1.1,VC_DSR_AFFCT,Number of people affected by disaster (number),643,Russian Federation,67370.50512294573,107924.5524475528,-0.0047090903821191965,2.3828842829545045,1.0023517797570467,0.01765546893147496,0.0,0.9911329532754548,-4.976603460084066,61.85962911997012,1.889896887479572
13,13.1,13.1.1,VC_DSR_AFFCT,Number of people affected by disaster (number),646,Rwanda,7742.36249,,,,,,,,,,
13,13.1,13.1.1,VC_DSR_AFFCT,Number of people affected by disaster (number),659,Saint Kitts and Nevis,5.090573565342082,-50.6512500000008,0.024426865599516567,1.8023453616449663,0.9877110581543993,0.02846410681946765,-3.366929987772388e-12,0.9856652033933896,-2101.7730150163816,1178.8358837692601,28.487892755278864
13,13.1,13.1.1,VC_DSR_AFFCT,Number of people affected by disaster (number),662,Saint Lucia,6130.590980356757,7749.433571428526,0.006136614016075792,1.203023977540044,0.9969269712390794,0.008516748938618868,-2.792937164513436e-12,0.9957325198372207,-62252.34911076429,23597.409568975716,249.5062105655174
13,13.1,13.1.1,VC_DSR_AFFCT,Number of people affected by disaster (number),670,Saint Vincent and the Grenadines,9946.429273360858,18102.648484848673,0.15648669684494199,-1.3163878496880157,0.9184298030633904,0.1249777448609557,2.8672841803376695e-12,0.9354262424900449,-110078.51520716501,4495.604129365085,168.55192639138397
13,13.1,13.1.1,VC_DSR_AFFCT,Number of people affected by disaster (number),686,Senegal,8886.239675832705,-22827.04005727358,0.02473206098473424,2.2199417896547184,0.9875565497809559,0.0257462280178401,-6.256049311243732e-13,0.9870429433323353,-67.30406175540735,438.6872210868602,7.145586601084768
13,13.1,13.1.1,VC_DSR_AFFCT,Number of people affected by disaster (number),688,Serbia,20729.95036162053,11359.967865440063,0.03123134782022663,3.3092613450030277,0.9842604595226679,0.0317220064892616,-1.3691515521790758e-12,0.9840111755009383,-0.98358606030115,36.4829849632351,1.2894087516048256
13,13.1,13.1.1,VC_DSR_AFFCT,Number of people affected by disaster (number),690,Seychelles,723.9733573111288,911.5568708184146,0.05768384063610743,10.966838208969477,0.9707297045851088,0.0703541306818789,1.0441872132657257e-12,0.9641814504117578,-1030.1327239064653,886.33906839457,30.436780144225438
13,13.1,13.1.1,VC_DSR_AFFCT,Number of people affected by disaster (number),694,Sierra Leone,7467.712590000001,17529.711960420245,0.5126358565278695,-4.937514936977143,0.6981147065290421,0.30760860340955953,3.33631010374719e-13,0.8321005928314439,-10.650250090261675,135.06449787332573,3.1713854080406065
13,13.1,13.1.1,VC_DSR_AFFCT,Number of people affected by disaster (number),704,Viet Nam,1757540.7484334367,1114429.7400880978,0.04527259708145048,-0.9118706386023699,0.9771015315301421,0.03674031538482381,4.4590435707146243e-13,0.9814579382811961,-1.7782501874308134,-78.936720826251,1.6668083835374758
13,13.1,13.1.1,VC_DSR_AFFCT,Number of people affected by disaster (number),705,Slovenia,334.0365358010194,-2287.279411764699,0.04412660236441801,2.660346630618075,0.9776877812653598,0.04734259199985069,-1.0926399345528634e-12,0.9760417040271124,-162.7611091919954,629.4542392631358,6.783923230596865
13,13.1,13.1.1,VC_DSR_AFFCT,Number of people affected by disaster (number),706,Somalia,232.0,,,,,,,,,,
13,13.1,13.1.1,VC_DSR_AFFCT,Number of people affected by disaster (number),710,South Africa,41737.47412567483,586422.0,0.9999999745649627,0.011006664648319843,0.00015948365854881827,1.0,0.0,0.0,,,
13,13.1,13.1.1,VC_DSR_AFFCT,Number of people affected by disaster (number),716,Zimbabwe,702363.0,,,,,,,,,,
13,13.1,13.1.1,VC_DSR_AFFCT,Number of people affected by disaster (number),728,South Sudan,500.0,,,,,,,,,,
13,13.1,13.1.1,VC_DSR_AFFCT,Number of people affected by disaster (number),729,Sudan,86213.71553432719,-4759397.214022875,0.6642342110549737,-0.5111949932250403,0.5794530084010492,0.6367100542426689,-1.1873364343955169e-12,0.6027353861831336,-6.534984236593557,36.66508382704277,1.9077283205678612
13,13.1,13.1.1,VC_DSR_AFFCT,Number of people affected by disaster (number),748,Eswatini,372348.004853111,429785.6190476194,0.09840192540949844,0.6692467247308301,0.9495251837579146,0.09857202959548039,-1.14347209607177e-13,0.9494356062443201,-24981.68771314586,3124.8067601630055,71.8887422646485
13,13.1,13.1.1,VC_DSR_AFFCT,Number of people affected by disaster (number),752,Sweden,582221.277663297,1074639.199999988,0.9999908042411441,0.15713289443545791,0.0030324509651299372,0.8196468563548325,-3.0716915925057185e-12,0.4246800485602867,,,
13,13.1,13.1.1,VC_DSR_AFFCT,Number of people affected by disaster (number),756,Switzerland,325901.0636306275,303584.5904761907,0.024709973530096963,0.0014268818060896424,0.9875677325985812,0.007921612431673442,1.2814059846717653e-13,0.996031318568009,-2.9246042631117817,9.389252303812196,1.9058438142114436
13,13.1,13.1.1,VC_DSR_AFFCT,Number of people affected by disaster (number),760,Syrian Arab Republic,5932.249999887097,16252.985000000102,0.05726148946466858,3.299947014556629,0.9709472233521919,0.034670784638788255,2.471051421759536e-13,0.9825116871372123,,,
13,13.1,13.1.1,VC_DSR_AFFCT,Number of people affected by disaster (number),762,Tajikistan,2284.9810366258976,-22336.500000000466,0.9788092708621227,-9.458126383361612e-12,0.14557035803307408,0.5988226185371807,-6.089994602743004e-12,0.633385649871245,,,
13,13.1,13.1.1,VC_DSR_AFFCT,Number of people affected by disaster (number),764,Thailand,142823.43999421492,252978.0,0.5179673577868866,1.4858744556658405e-08,0.6942857064732885,0.12922609250444217,0.0,0.9331526710541838,,,
13,13.1,13.1.1,VC_DSR_AFFCT,Number of people affected by disaster (number),768,Togo,12266738.151311794,3472660.9485293627,0.9997573013197278,-2.7618797291869512,0.01557878943538719,0.17301184899282152,-5.933065580687447e-12,0.9093888887638657,-82.1402744992328,188.60344671989236,5.381070433706968
13,13.1,13.1.1,VC_DSR_AFFCT,Number of people affected by disaster (number),776,Tonga,171190.00197509915,100899.70619945973,0.9962506730321495,-6.660448726274342,0.06123174803850065,0.42528841016655483,-1.2167126708311914e-11,0.7580973485202577,-233929.83249144343,5651.715205394953,342.6955348184104
13,13.1,13.1.1,VC_DSR_AFFCT,Number of people affected by disaster (number),780,Trinidad and Tobago,35804.50200000001,51634.93099373393,0.7468814453721695,-1.7664315329951632,0.5031088894343158,0.3705240287261291,8.16161025307631e-13,0.7933952175768838,-3.8980024581833486,43.50249675156876,1.4948925364813785
13,13.1,13.1.1,VC_DSR_AFFCT,Number of people affected by disaster (number),784,United Arab Emirates,353.00000000000006,406.40659340659477,0.26724907527086894,3.482520892930359,0.8560087176712228,0.07945919331933449,9.583085431917585e-13,0.9594481782153039,-26.4009190926562,-1.3512580377771528,3.7227606203615786
13,13.1,13.1.1,VC_DSR_AFFCT,Number of people affected by disaster (number),788,Tunisia,37432.99008938159,24088.479648984037,0.3107039410852147,-12.404860537268796,0.830238555425358,0.2298519302719727,-4.084277868552797e-12,0.8775808052413335,-770.6797716586321,983.5815574237097,14.212415956788334
13,13.1,13.1.1,VC_DSR_AFFCT,Number of people affected by disaster (number),792,Turkey,178270.01380504534,88610.23372023739,0.09906364418529212,-3.925696143844322,0.9491766726035296,0.07323389937159286,-5.881499179586061e-13,0.9626869172417413,-2.3937341445862033,-16.20136762291443,1.610180003692418
13,13.1,13.1.1,VC_DSR_AFFCT,Number of people affected by disaster (number),798,Tuvalu,4555.956356838472,13413.0,1.0,5.686366535997991e-08,1.5459659128735741e-09,1.0,0.0,0.0,,,
13,13.1,13.1.1,VC_DSR_AFFCT,Number of people affected by disaster (number),800,Uganda,38406.45266414773,38556.30722475448,0.0063918157738850345,0.15554960519157404,0.9967989688127264,0.006564934337493611,4.835964976808467e-13,0.9967121277793836,-11.320180570156499,107.84669226280002,2.6023144293627416
13,13.1,13.1.1,VC_DSR_AFFCT,Number of people affected by disaster (number),804,Ukraine,1165160.384507098,540203.9604456574,0.99476561196232,-12.758540633427543,0.07234907074510323,0.18145582394676363,-3.5821419368026692e-12,0.9047343124106859,-1.6962397524272508,-75.10911481155773,1.5238901462715784
13,13.1,13.1.1,VC_DSR_AFFCT,Number of people affected by disaster (number),818,Egypt,312839.8007811174,72159.88970588241,0.9662253550986195,2.2393938870922507e-09,0.18377879339407047,0.09392367089192222,-6.706990026649276e-13,0.9518804174412234,-0.879124699727293,-14.82201220412234,1.298161053051534
13,13.1,13.1.1,VC_DSR_AFFCT,Number of people affected by disaster (number),834,United Republic of Tanzania,233365.77776363865,313138.1345724985,0.4684070863394919,4.442950764864465,0.7291041857378875,0.43156396153711085,-3.6280047121916537e-12,0.7539469732434032,-0.5478985468108001,47.74011283756452,1.1674006873558784
13,13.1,13.1.1,VC_DSR_AFFCT,Number of people affected by disaster (number),840,United States of America,266221.00000000006,345255.6000000015,0.2166005308217417,9.493644391297815,0.8850985646685109,0.0033333179672849766,4.130165233605743e-13,0.9983319498206571,,,
13,13.1,13.1.1,VC_DSR_AFFCT,Number of people affected by disaster (number),854,Burkina Faso,6168.3512319402,-14080.028571428731,0.05057796942280324,0.8457426976155727,0.9743828973135751,0.04908112448404167,-6.842878264050069e-13,0.9751506937473605,-378.84926736621287,165.2544340799365,11.547768332728852
13,13.1,13.1.1,VC_DSR_AFFCT,Number of people affected by disaster (number),858,Uruguay,26454.36045171104,30741.132352941204,0.17764476564283682,0.3570827171732621,0.9068380419662396,0.16950985525591433,0.0,0.911312320087952,-0.7979729657447866,0.7763529431377492,1.163228041985612
13,13.1,13.1.1,VC_DSR_AFFCT,Number of people affected by disaster (number),860,Uzbekistan,1.0,,,,,,,,,,
13,13.1,13.1.1,VC_DSR_AFFCT,Number of people affected by disaster (number),862,Venezuela (Bolivarian Republic of),6914.369991063939,-65521.023772725835,0.196359406829138,1.3623241449206158,0.896460034341109,0.1966721272659241,4.31817524822727e-12,0.8962855977500006,-9.93898275580485,-1.309527825455362,2.346351313326117
13,13.1,13.1.1,VC_DSR_AFFCT,Number of people affected by disaster (number),882,Samoa,8069.65214037004,7466.360180540534,0.7925877212748138,1.11773319315707,0.45542538217054424,0.018239202405346377,-2.4796284646774675e-13,0.9908384316298263,,,
13,13.1,13.1.1,VC_DSR_AFFCT,Number of people affected by disaster (number),887,Yemen,425744.64412419306,-4359482.585502863,0.6087477015921346,4.940150315459146,0.6255016374142159,0.2204662908719841,6.486089917109045e-13,0.8829120619450251,-2.4362331930933117,37.290383272279456,1.8537079578761353
13,13.1,13.1.1,VC_DSR_AFFCT,Number of people affected by disaster (number),894,Zambia,3059512.7233163333,1765123.0037428439,0.9999712828549955,-0.9000105256736829,0.005358838027454442,0.27424549127491216,-7.751524504696976e-12,0.8519122658613902,-6.191746478866828,-53.20320664427874,2.0093323743705174
